{"stats":{"minecraft:custom":{"minecraft:time_since_rest":55704,"minecraft:interact_with_furnace":1,"minecraft:sprint_one_cm":38997,"minecraft:damage_taken":325,"minecraft:walk_one_cm":56485,"minecraft:mob_kills":11,"minecraft:damage_dealt":1158,"minecraft:swim_one_cm":786,"minecraft:interact_with_crafting_table":3,"minecraft:fly_one_cm":44769,"minecraft:crouch_one_cm":3156,"minecraft:play_time":55704,"minecraft:sneak_time":1584,"minecraft:walk_under_water_one_cm":1493,"minecraft:jump":381,"minecraft:leave_game":1,"minecraft:walk_on_water_one_cm":4273,"minecraft:time_since_death":55704,"minecraft:total_world_time":55704,"minecraft:fall_one_cm":9207},"minecraft:crafted":{"minecraft:crafting_table":1,"minecraft:stick":4,"minecraft:wooden_pickaxe":1,"minecraft:furnace":1,"minecraft:acacia_planks":40,"minecraft:air":0,"minecraft:cooked_mutton":3},"minecraft:mined":{"minecraft:acacia_leaves":2,"minecraft:dandelion":1,"minecraft:crafting_table":1,"minecraft:grass":197,"minecraft:acacia_log":11,"minecraft:gravel":6,"minecraft:dirt":2,"minecraft:tall_grass":11,"minecraft:stone":27,"minecraft:sugar_cane":5},"minecraft:killed":{"minecraft:sheep":3,"minecraft:pig":4,"minecraft:chicken":2,"minecraft:enderman":1,"minecraft:cow":1},"minecraft:used":{"minecraft:cooked_mutton":3,"minecraft:wooden_pickaxe":30,"minecraft:gravel":4,"minecraft:white_wool":1,"minecraft:cobblestone":19,"minecraft:crafting_table":2,"minecraft:furnace":1,"minecraft:porkchop":3},"minecraft:picked_up":{"minecraft:crafting_table":1,"minecraft:feather":3,"minecraft:chicken":2,"minecraft:leather":1,"minecraft:acacia_log":11,"minecraft:dandelion":1,"minecraft:gravel":5,"minecraft:porkchop":7,"minecraft:flint":1,"minecraft:dirt":2,"minecraft:rotten_flesh":2,"minecraft:wheat_seeds":26,"minecraft:beef":3,"minecraft:sugar_cane":13,"minecraft:mutton":5,"minecraft:white_wool":3,"minecraft:cobblestone":27}},"DataVersion":3465}